case_id,case_index,analysis_role,validation_cohort,source_root,time_points,train_fraction,train_points,validation_points,q_inf_policy,quasi_steady_start_s,q_inf_window_start_s,q_inf_window_end_s,q_inf_points,q_inf_fallback_to_all_training,q_inf_uses_validation_points,time_step_min_s,time_step_max_s,nonuniform_time_spacing,state,label,q_inf_estimate,q0,q_validation_mean
A1-750-8-60000,1,model_construction,,,12,0.7,9,3,training points with t >= quasi_steady_start_s; fallback to all training points if fewer than three,0.2,0.2,0.7,6,False,False,0.04999999999999999,0.10000000000000009,True,front_length_m,L_f,0.0010520333333333333,0.0005844400000000001,0.0010389999999999993
A1-750-8-60000,1,model_construction,,,12,0.7,9,3,training points with t >= quasi_steady_start_s; fallback to all training points if fewer than three,0.2,0.2,0.7,6,False,False,0.04999999999999999,0.10000000000000009,True,rear_length_m,L_r,0.0011655550000000002,0.00075,0.0012505000000000005
A1-750-8-60000,1,model_construction,,,12,0.7,9,3,training points with t >= quasi_steady_start_s; fallback to all training points if fewer than three,0.2,0.2,0.7,6,False,False,0.04999999999999999,0.10000000000000009,True,full_width_m,W,0.0016584233333333334,0.00133876,0.0016408733333333335
A1-750-8-60000,1,model_construction,,,12,0.7,9,3,training points with t >= quasi_steady_start_s; fallback to all training points if fewer than three,0.2,0.2,0.7,6,False,False,0.04999999999999999,0.10000000000000009,True,height_span_m,H,0.0014027633333333334,0.00091101,0.0014384600000000001
A1-750-8-60000,1,model_construction,,,12,0.7,9,3,training points with t >= quasi_steady_start_s; fallback to all training points if fewer than three,0.2,0.2,0.7,6,False,False,0.04999999999999999,0.10000000000000009,True,Tmax_K,Tmax,2984.316666666667,3640.8,2904.4666666666667
A1-750-8-60000,1,model_construction,,,12,0.7,9,3,training points with t >= quasi_steady_start_s; fallback to all training points if fewer than three,0.2,0.2,0.7,6,False,False,0.04999999999999999,0.10000000000000009,True,Gmean_K_per_m,Gmean,1213803.6694437657,2620667.721382289,1126525.8140444306
A1-750-8-60000,1,model_construction,,,12,0.7,9,3,training points with t >= quasi_steady_start_s; fallback to all training points if fewer than three,0.2,0.2,0.7,6,False,False,0.04999999999999999,0.10000000000000009,True,Umax_m_per_s,Umax,0.5910474253540919,0.42380360929888267,0.662819652368967
A2-550-8-60000,2,model_construction,,,12,0.7,9,3,training points with t >= quasi_steady_start_s; fallback to all training points if fewer than three,0.2,0.2,0.7,6,False,False,0.04999999999999999,0.10000000000000009,True,front_length_m,L_f,0.0007657166666666669,0.00075,0.0007850999999999998
A2-550-8-60000,2,model_construction,,,12,0.7,9,3,training points with t >= quasi_steady_start_s; fallback to all training points if fewer than three,0.2,0.2,0.7,6,False,False,0.04999999999999999,0.10000000000000009,True,rear_length_m,L_r,0.0010897866666666665,0.0006763299999999999,0.0011257000000000003
A2-550-8-60000,2,model_construction,,,12,0.7,9,3,training points with t >= quasi_steady_start_s; fallback to all training points if fewer than three,0.2,0.2,0.7,6,False,False,0.04999999999999999,0.10000000000000009,True,full_width_m,W,0.00144633,0.0013,0.00147024
A2-550-8-60000,2,model_construction,,,12,0.7,9,3,training points with t >= quasi_steady_start_s; fallback to all training points if fewer than three,0.2,0.2,0.7,6,False,False,0.04999999999999999,0.10000000000000009,True,height_span_m,H,0.0011089016666666668,0.00083875,0.0011175726666666668
A2-550-8-60000,2,model_construction,,,12,0.7,9,3,training points with t >= quasi_steady_start_s; fallback to all training points if fewer than three,0.2,0.2,0.7,6,False,False,0.04999999999999999,0.10000000000000009,True,Tmax_K,Tmax,2487.65,4269.9,2604.766666666667
A2-550-8-60000,2,model_construction,,,12,0.7,9,3,training points with t >= quasi_steady_start_s; fallback to all training points if fewer than three,0.2,0.2,0.7,6,False,False,0.04999999999999999,0.10000000000000009,True,Gmean_K_per_m,Gmean,1019163.5524822376,2677022.4764150945,1050153.6374659974
A2-550-8-60000,2,model_construction,,,12,0.7,9,3,training points with t >= quasi_steady_start_s; fallback to all training points if fewer than three,0.2,0.2,0.7,6,False,False,0.04999999999999999,0.10000000000000009,True,Umax_m_per_s,Umax,0.5585410205058275,0.562152873869733,0.46364949039841674
A3-950-8-60000,3,model_construction,,,12,0.7,9,3,training points with t >= quasi_steady_start_s; fallback to all training points if fewer than three,0.2,0.2,0.7,6,False,False,0.04999999999999999,0.10000000000000009,True,front_length_m,L_f,0.0010578333333333336,0.00016247,0.0009856999999999997
A3-950-8-60000,3,model_construction,,,12,0.7,9,3,training points with t >= quasi_steady_start_s; fallback to all training points if fewer than three,0.2,0.2,0.7,6,False,False,0.04999999999999999,0.10000000000000009,True,rear_length_m,L_r,0.0012319883333333332,0.00046490500000000005,0.0014319000000000005
A3-950-8-60000,3,model_construction,,,12,0.7,9,3,training points with t >= quasi_steady_start_s; fallback to all training points if fewer than three,0.2,0.2,0.7,6,False,False,0.04999999999999999,0.10000000000000009,True,full_width_m,W,0.00168352,0.00074674,0.0017174666666666665
A3-950-8-60000,3,model_construction,,,12,0.7,9,3,training points with t >= quasi_steady_start_s; fallback to all training points if fewer than three,0.2,0.2,0.7,6,False,False,0.04999999999999999,0.10000000000000009,True,height_span_m,H,0.0016250633333333333,9.947967000000001e-05,0.0016513100000000002
A3-950-8-60000,3,model_construction,,,12,0.7,9,3,training points with t >= quasi_steady_start_s; fallback to all training points if fewer than three,0.2,0.2,0.7,6,False,False,0.04999999999999999,0.10000000000000009,True,Tmax_K,Tmax,3319.1,2043.9,3186.6000000000004
A3-950-8-60000,3,model_construction,,,12,0.7,9,3,training points with t >= quasi_steady_start_s; fallback to all training points if fewer than three,0.2,0.2,0.7,6,False,False,0.04999999999999999,0.10000000000000009,True,Gmean_K_per_m,Gmean,1392033.3538956095,5095809.7,1198438.469642393
A3-950-8-60000,3,model_construction,,,12,0.7,9,3,training points with t >= quasi_steady_start_s; fallback to all training points if fewer than three,0.2,0.2,0.7,6,False,False,0.04999999999999999,0.10000000000000009,True,Umax_m_per_s,Umax,0.655691079923936,0.05144092850678339,0.6125864318815597
A4-750-6-60000,4,model_construction,,,12,0.7,9,3,training points with t >= quasi_steady_start_s; fallback to all training points if fewer than three,0.2,0.2,0.7,6,False,False,0.04999999999999999,0.10000000000000009,True,front_length_m,L_f,0.0008764500000000001,0.00057683,0.0008125666666666665
A4-750-6-60000,4,model_construction,,,12,0.7,9,3,training points with t >= quasi_steady_start_s; fallback to all training points if fewer than three,0.2,0.2,0.7,6,False,False,0.04999999999999999,0.10000000000000009,True,rear_length_m,L_r,0.0011183916666666668,0.00075,0.0011066333333333335
A4-750-6-60000,4,model_construction,,,12,0.7,9,3,training points with t >= quasi_steady_start_s; fallback to all training points if fewer than three,0.2,0.2,0.7,6,False,False,0.04999999999999999,0.10000000000000009,True,full_width_m,W,0.0016388166666666667,0.00135,0.00174812
A4-750-6-60000,4,model_construction,,,12,0.7,9,3,training points with t >= quasi_steady_start_s; fallback to all training points if fewer than three,0.2,0.2,0.7,6,False,False,0.04999999999999999,0.10000000000000009,True,height_span_m,H,0.0013628876666666667,0.00101928,0.001358513333333333
A4-750-6-60000,4,model_construction,,,12,0.7,9,3,training points with t >= quasi_steady_start_s; fallback to all training points if fewer than three,0.2,0.2,0.7,6,False,False,0.04999999999999999,0.10000000000000009,True,Tmax_K,Tmax,2718.016666666667,4039.2,2539.1666666666665
A4-750-6-60000,4,model_construction,,,12,0.7,9,3,training points with t >= quasi_steady_start_s; fallback to all training points if fewer than three,0.2,0.2,0.7,6,False,False,0.04999999999999999,0.10000000000000009,True,Gmean_K_per_m,Gmean,1075963.1409989495,2915686.7864693445,1003543.5757770477
A4-750-6-60000,4,model_construction,,,12,0.7,9,3,training points with t >= quasi_steady_start_s; fallback to all training points if fewer than three,0.2,0.2,0.7,6,False,False,0.04999999999999999,0.10000000000000009,True,Umax_m_per_s,Umax,0.5450916343377371,0.5830188234525537,0.562569183976852
A5-750-10-60000,5,model_construction,,,12,0.7,9,3,training points with t >= quasi_steady_start_s; fallback to all training points if fewer than three,0.2,0.2,0.7,6,False,False,0.04999999999999999,0.10000000000000009,True,front_length_m,L_f,0.0009029333333333335,0.0005851999999999999,0.0004551666666666656
A5-750-10-60000,5,model_construction,,,12,0.7,9,3,training points with t >= quasi_steady_start_s; fallback to all training points if fewer than three,0.2,0.2,0.7,6,False,False,0.04999999999999999,0.10000000000000009,True,rear_length_m,L_r,0.0013167983333333333,0.0007758999999999999,0.0014217333333333337
A5-750-10-60000,5,model_construction,,,12,0.7,9,3,training points with t >= quasi_steady_start_s; fallback to all training points if fewer than three,0.2,0.2,0.7,6,False,False,0.04999999999999999,0.10000000000000009,True,full_width_m,W,0.00163886,0.00131716,0.00145602
A5-750-10-60000,5,model_construction,,,12,0.7,9,3,training points with t >= quasi_steady_start_s; fallback to all training points if fewer than three,0.2,0.2,0.7,6,False,False,0.04999999999999999,0.10000000000000009,True,height_span_m,H,0.0014557549999999998,0.00091814,0.0011727366666666667
A5-750-10-60000,5,model_construction,,,12,0.7,9,3,training points with t >= quasi_steady_start_s; fallback to all training points if fewer than three,0.2,0.2,0.7,6,False,False,0.04999999999999999,0.10000000000000009,True,Tmax_K,Tmax,3105.8333333333335,3538.1,2746.366666666667
A5-750-10-60000,5,model_construction,,,12,0.7,9,3,training points with t >= quasi_steady_start_s; fallback to all training points if fewer than three,0.2,0.2,0.7,6,False,False,0.04999999999999999,0.10000000000000009,True,Gmean_K_per_m,Gmean,1291902.2322175943,2519502.89010989,1059859.9148539722
A5-750-10-60000,5,model_construction,,,12,0.7,9,3,training points with t >= quasi_steady_start_s; fallback to all training points if fewer than three,0.2,0.2,0.7,6,False,False,0.04999999999999999,0.10000000000000009,True,Umax_m_per_s,Umax,0.5535366421088924,0.43590903971356226,0.5100448965668207
A6-750-8-40000,6,model_construction,,,12,0.7,9,3,training points with t >= quasi_steady_start_s; fallback to all training points if fewer than three,0.2,0.2,0.7,6,False,False,0.04999999999999999,0.10000000000000009,True,front_length_m,L_f,0.0008387166666666666,0.00065,0.0009145666666666663
A6-750-8-40000,6,model_construction,,,12,0.7,9,3,training points with t >= quasi_steady_start_s; fallback to all training points if fewer than three,0.2,0.2,0.7,6,False,False,0.04999999999999999,0.10000000000000009,True,rear_length_m,L_r,0.0010370116666666665,0.00069165,0.0011039333333333335
A6-750-8-40000,6,model_construction,,,12,0.7,9,3,training points with t >= quasi_steady_start_s; fallback to all training points if fewer than three,0.2,0.2,0.7,6,False,False,0.04999999999999999,0.10000000000000009,True,full_width_m,W,0.00152654,0.0013,0.0015345133333333333
A6-750-8-40000,6,model_construction,,,12,0.7,9,3,training points with t >= quasi_steady_start_s; fallback to all training points if fewer than three,0.2,0.2,0.7,6,False,False,0.04999999999999999,0.10000000000000009,True,height_span_m,H,0.0013042366666666668,0.00077602,0.00131425
A6-750-8-40000,6,model_construction,,,12,0.7,9,3,training points with t >= quasi_steady_start_s; fallback to all training points if fewer than three,0.2,0.2,0.7,6,False,False,0.04999999999999999,0.10000000000000009,True,Tmax_K,Tmax,3044.2666666666664,3843.6,3030.8999999999996
A6-750-8-40000,6,model_construction,,,12,0.7,9,3,training points with t >= quasi_steady_start_s; fallback to all training points if fewer than three,0.2,0.2,0.7,6,False,False,0.04999999999999999,0.10000000000000009,True,Gmean_K_per_m,Gmean,1444915.477860716,2910736.966292135,1371354.0837934632
A6-750-8-40000,6,model_construction,,,12,0.7,9,3,training points with t >= quasi_steady_start_s; fallback to all training points if fewer than three,0.2,0.2,0.7,6,False,False,0.04999999999999999,0.10000000000000009,True,Umax_m_per_s,Umax,0.5275842531541483,0.47024608969985066,0.5335746121433578
A7-750-8-70000,7,model_construction,,,12,0.7,9,3,training points with t >= quasi_steady_start_s; fallback to all training points if fewer than three,0.2,0.2,0.7,6,False,False,0.04999999999999999,0.10000000000000009,True,front_length_m,L_f,0.0009583666666666666,0.0006505,0.001162933333333333
A7-750-8-70000,7,model_construction,,,12,0.7,9,3,training points with t >= quasi_steady_start_s; fallback to all training points if fewer than three,0.2,0.2,0.7,6,False,False,0.04999999999999999,0.10000000000000009,True,rear_length_m,L_r,0.0013067999999999997,0.00075752,0.001265566666666667
A7-750-8-70000,7,model_construction,,,12,0.7,9,3,training points with t >= quasi_steady_start_s; fallback to all training points if fewer than three,0.2,0.2,0.7,6,False,False,0.04999999999999999,0.10000000000000009,True,full_width_m,W,0.0017095699999999999,0.00136266,0.0017078733333333333
A7-750-8-70000,7,model_construction,,,12,0.7,9,3,training points with t >= quasi_steady_start_s; fallback to all training points if fewer than three,0.2,0.2,0.7,6,False,False,0.04999999999999999,0.10000000000000009,True,height_span_m,H,0.0014388483333333333,0.00101452,0.00140924
A7-750-8-70000,7,model_construction,,,12,0.7,9,3,training points with t >= quasi_steady_start_s; fallback to all training points if fewer than three,0.2,0.2,0.7,6,False,False,0.04999999999999999,0.10000000000000009,True,Tmax_K,Tmax,2819.6,4232.9,2623.6666666666665
A7-750-8-70000,7,model_construction,,,12,0.7,9,3,training points with t >= quasi_steady_start_s; fallback to all training points if fewer than three,0.2,0.2,0.7,6,False,False,0.04999999999999999,0.10000000000000009,True,Gmean_K_per_m,Gmean,1080813.617248557,2861593.9223300973,993245.6594846345
A7-750-8-70000,7,model_construction,,,12,0.7,9,3,training points with t >= quasi_steady_start_s; fallback to all training points if fewer than three,0.2,0.2,0.7,6,False,False,0.04999999999999999,0.10000000000000009,True,Umax_m_per_s,Umax,0.5813325311112016,0.6888825453449957,0.5208869537378747
A8-550-6-60000,8,model_construction,,,12,0.7,9,3,training points with t >= quasi_steady_start_s; fallback to all training points if fewer than three,0.2,0.2,0.7,6,False,False,0.04999999999999999,0.10000000000000009,True,front_length_m,L_f,0.00063355,0.0005914599999999999,0.0006143666666666662
A8-550-6-60000,8,model_construction,,,12,0.7,9,3,training points with t >= quasi_steady_start_s; fallback to all training points if fewer than three,0.2,0.2,0.7,6,False,False,0.04999999999999999,0.10000000000000009,True,rear_length_m,L_r,0.0009660183333333334,0.00075143,0.001040266666666667
A8-550-6-60000,8,model_construction,,,12,0.7,9,3,training points with t >= quasi_steady_start_s; fallback to all training points if fewer than three,0.2,0.2,0.7,6,False,False,0.04999999999999999,0.10000000000000009,True,full_width_m,W,0.0013797033333333333,0.00133882,0.0014088133333333332
A8-550-6-60000,8,model_construction,,,12,0.7,9,3,training points with t >= quasi_steady_start_s; fallback to all training points if fewer than three,0.2,0.2,0.7,6,False,False,0.04999999999999999,0.10000000000000009,True,height_span_m,H,0.0010673761666666667,0.00088541,0.0011852393333333332
A8-550-6-60000,8,model_construction,,,12,0.7,9,3,training points with t >= quasi_steady_start_s; fallback to all training points if fewer than three,0.2,0.2,0.7,6,False,False,0.04999999999999999,0.10000000000000009,True,Tmax_K,Tmax,2437.3333333333335,3386.9,2301.4666666666667
A8-550-6-60000,8,model_construction,,,12,0.7,9,3,training points with t >= quasi_steady_start_s; fallback to all training points if fewer than three,0.2,0.2,0.7,6,False,False,0.04999999999999999,0.10000000000000009,True,Gmean_K_per_m,Gmean,918569.6791058714,2608910.6532066506,937695.7892649468
A8-550-6-60000,8,model_construction,,,12,0.7,9,3,training points with t >= quasi_steady_start_s; fallback to all training points if fewer than three,0.2,0.2,0.7,6,False,False,0.04999999999999999,0.10000000000000009,True,Umax_m_per_s,Umax,0.5429223769217727,0.5378288153539191,0.6534757044483374
A9-550-10-60000,9,model_construction,,,12,0.7,9,3,training points with t >= quasi_steady_start_s; fallback to all training points if fewer than three,0.2,0.2,0.7,6,False,False,0.04999999999999999,0.10000000000000009,True,front_length_m,L_f,0.0008460666666666667,0.0005920000000000001,0.0004515666666666662
A9-550-10-60000,9,model_construction,,,12,0.7,9,3,training points with t >= quasi_steady_start_s; fallback to all training points if fewer than three,0.2,0.2,0.7,6,False,False,0.04999999999999999,0.10000000000000009,True,rear_length_m,L_r,0.00113455,0.00075,0.0012136000000000002
A9-550-10-60000,9,model_construction,,,12,0.7,9,3,training points with t >= quasi_steady_start_s; fallback to all training points if fewer than three,0.2,0.2,0.7,6,False,False,0.04999999999999999,0.10000000000000009,True,full_width_m,W,0.0014620200000000003,0.00135312,0.0013152466666666665
A9-550-10-60000,9,model_construction,,,12,0.7,9,3,training points with t >= quasi_steady_start_s; fallback to all training points if fewer than three,0.2,0.2,0.7,6,False,False,0.04999999999999999,0.10000000000000009,True,height_span_m,H,0.0010543516666666666,0.00079938,0.0008609266666666666
A9-550-10-60000,9,model_construction,,,12,0.7,9,3,training points with t >= quasi_steady_start_s; fallback to all training points if fewer than three,0.2,0.2,0.7,6,False,False,0.04999999999999999,0.10000000000000009,True,Tmax_K,Tmax,2831.35,4035.8,2452.6
A9-550-10-60000,9,model_construction,,,12,0.7,9,3,training points with t >= quasi_steady_start_s; fallback to all training points if fewer than three,0.2,0.2,0.7,6,False,False,0.04999999999999999,0.10000000000000009,True,Gmean_K_per_m,Gmean,1189072.6503896583,2734276.122931442,975072.9085160898
A9-550-10-60000,9,model_construction,,,12,0.7,9,3,training points with t >= quasi_steady_start_s; fallback to all training points if fewer than three,0.2,0.2,0.7,6,False,False,0.04999999999999999,0.10000000000000009,True,Umax_m_per_s,Umax,0.5588259379934694,1.4416157183174716,0.48422658986541256
A10-550-8-40000,10,model_construction,,,12,0.7,9,3,training points with t >= quasi_steady_start_s; fallback to all training points if fewer than three,0.2,0.2,0.7,6,False,False,0.04999999999999999,0.10000000000000009,True,front_length_m,L_f,0.0007981666666666666,0.0005831600000000001,0.0006886999999999996
A10-550-8-40000,10,model_construction,,,12,0.7,9,3,training points with t >= quasi_steady_start_s; fallback to all training points if fewer than three,0.2,0.2,0.7,6,False,False,0.04999999999999999,0.10000000000000009,True,rear_length_m,L_r,0.0009210950000000001,0.00065,0.000965866666666667
A10-550-8-40000,10,model_construction,,,12,0.7,9,3,training points with t >= quasi_steady_start_s; fallback to all training points if fewer than three,0.2,0.2,0.7,6,False,False,0.04999999999999999,0.10000000000000009,True,full_width_m,W,0.0013617166666666668,0.00113258,0.0014035666666666665
A10-550-8-40000,10,model_construction,,,12,0.7,9,3,training points with t >= quasi_steady_start_s; fallback to all training points if fewer than three,0.2,0.2,0.7,6,False,False,0.04999999999999999,0.10000000000000009,True,height_span_m,H,0.0009822233333333333,0.00069695,0.0009999066666666666
A10-550-8-40000,10,model_construction,,,12,0.7,9,3,training points with t >= quasi_steady_start_s; fallback to all training points if fewer than three,0.2,0.2,0.7,6,False,False,0.04999999999999999,0.10000000000000009,True,Tmax_K,Tmax,2676.9500000000003,3107.1,2574.5333333333333
A10-550-8-40000,10,model_construction,,,12,0.7,9,3,training points with t >= quasi_steady_start_s; fallback to all training points if fewer than three,0.2,0.2,0.7,6,False,False,0.04999999999999999,0.10000000000000009,True,Gmean_K_per_m,Gmean,1329127.6149038428,2358009.4701986755,1230612.1737559447
A10-550-8-40000,10,model_construction,,,12,0.7,9,3,training points with t >= quasi_steady_start_s; fallback to all training points if fewer than three,0.2,0.2,0.7,6,False,False,0.04999999999999999,0.10000000000000009,True,Umax_m_per_s,Umax,0.45981933640393285,0.38052116545732384,0.42000701628295106
A11-550-8-70000,11,model_construction,,,12,0.7,9,3,training points with t >= quasi_steady_start_s; fallback to all training points if fewer than three,0.2,0.2,0.7,6,False,False,0.04999999999999999,0.10000000000000009,True,front_length_m,L_f,0.0006561000000000001,0.00057701,0.0007830999999999992
A11-550-8-70000,11,model_construction,,,12,0.7,9,3,training points with t >= quasi_steady_start_s; fallback to all training points if fewer than three,0.2,0.2,0.7,6,False,False,0.04999999999999999,0.10000000000000009,True,rear_length_m,L_r,0.0012186066666666666,0.00079189,0.0011525333333333339
A11-550-8-70000,11,model_construction,,,12,0.7,9,3,training points with t >= quasi_steady_start_s; fallback to all training points if fewer than three,0.2,0.2,0.7,6,False,False,0.04999999999999999,0.10000000000000009,True,full_width_m,W,0.0015192900000000002,0.0011987,0.0014870266666666663
A11-550-8-70000,11,model_construction,,,12,0.7,9,3,training points with t >= quasi_steady_start_s; fallback to all training points if fewer than three,0.2,0.2,0.7,6,False,False,0.04999999999999999,0.10000000000000009,True,height_span_m,H,0.0011885285,0.00090057,0.0011997033333333333
A11-550-8-70000,11,model_construction,,,12,0.7,9,3,training points with t >= quasi_steady_start_s; fallback to all training points if fewer than three,0.2,0.2,0.7,6,False,False,0.04999999999999999,0.10000000000000009,True,Tmax_K,Tmax,2500.2833333333333,3499.9,2531.1
A11-550-8-70000,11,model_construction,,,12,0.7,9,3,training points with t >= quasi_steady_start_s; fallback to all training points if fewer than three,0.2,0.2,0.7,6,False,False,0.04999999999999999,0.10000000000000009,True,Gmean_K_per_m,Gmean,938957.7217720682,2650313.682611997,928525.1516199764
A11-550-8-70000,11,model_construction,,,12,0.7,9,3,training points with t >= quasi_steady_start_s; fallback to all training points if fewer than three,0.2,0.2,0.7,6,False,False,0.04999999999999999,0.10000000000000009,True,Umax_m_per_s,Umax,0.6124598455646711,0.46543648335514054,1.1143780593820893
A12-950-6-60000,12,model_construction,,,12,0.7,9,3,training points with t >= quasi_steady_start_s; fallback to all training points if fewer than three,0.2,0.2,0.7,6,False,False,0.04999999999999999,0.10000000000000009,True,front_length_m,L_f,0.0009704833333333333,0.00015016999999999998,0.0009354999999999994
A12-950-6-60000,12,model_construction,,,12,0.7,9,3,training points with t >= quasi_steady_start_s; fallback to all training points if fewer than three,0.2,0.2,0.7,6,False,False,0.04999999999999999,0.10000000000000009,True,rear_length_m,L_r,0.0011492849999999999,0.00047479,0.0012762000000000003
A12-950-6-60000,12,model_construction,,,12,0.7,9,3,training points with t >= quasi_steady_start_s; fallback to all training points if fewer than three,0.2,0.2,0.7,6,False,False,0.04999999999999999,0.10000000000000009,True,full_width_m,W,0.0017076266666666668,0.00074998,0.0017476599999999998
A12-950-6-60000,12,model_construction,,,12,0.7,9,3,training points with t >= quasi_steady_start_s; fallback to all training points if fewer than three,0.2,0.2,0.7,6,False,False,0.04999999999999999,0.10000000000000009,True,height_span_m,H,0.0015842800000000002,0.00010072363,0.0017598566666666667
A12-950-6-60000,12,model_construction,,,12,0.7,9,3,training points with t >= quasi_steady_start_s; fallback to all training points if fewer than three,0.2,0.2,0.7,6,False,False,0.04999999999999999,0.10000000000000009,True,Tmax_K,Tmax,3113.6666666666665,2106.1,3096.633333333333
A12-950-6-60000,12,model_construction,,,12,0.7,9,3,training points with t >= quasi_steady_start_s; fallback to all training points if fewer than three,0.2,0.2,0.7,6,False,False,0.04999999999999999,0.10000000000000009,True,Gmean_K_per_m,Gmean,1257861.174681369,5351820.845410627,1178087.0735230504
A12-950-6-60000,12,model_construction,,,12,0.7,9,3,training points with t >= quasi_steady_start_s; fallback to all training points if fewer than three,0.2,0.2,0.7,6,False,False,0.04999999999999999,0.10000000000000009,True,Umax_m_per_s,Umax,0.6450549082046118,0.11349342413549782,0.5185564025348918
A13-950-10-60000,13,model_construction,,,12,0.7,9,3,training points with t >= quasi_steady_start_s; fallback to all training points if fewer than three,0.2,0.2,0.7,6,False,False,0.04999999999999999,0.10000000000000009,True,front_length_m,L_f,0.0009210333333333334,0.00045,0.0004830333333333328
A13-950-10-60000,13,model_construction,,,12,0.7,9,3,training points with t >= quasi_steady_start_s; fallback to all training points if fewer than three,0.2,0.2,0.7,6,False,False,0.04999999999999999,0.10000000000000009,True,rear_length_m,L_r,0.00140335,0.000592541,0.0015397333333333338
A13-950-10-60000,13,model_construction,,,12,0.7,9,3,training points with t >= quasi_steady_start_s; fallback to all training points if fewer than three,0.2,0.2,0.7,6,False,False,0.04999999999999999,0.10000000000000009,True,full_width_m,W,0.0015761833333333333,0.00098128,0.0015666666666666665
A13-950-10-60000,13,model_construction,,,12,0.7,9,3,training points with t >= quasi_steady_start_s; fallback to all training points if fewer than three,0.2,0.2,0.7,6,False,False,0.04999999999999999,0.10000000000000009,True,height_span_m,H,0.0016199500000000002,0.000476907,0.0014202933333333334
A13-950-10-60000,13,model_construction,,,12,0.7,9,3,training points with t >= quasi_steady_start_s; fallback to all training points if fewer than three,0.2,0.2,0.7,6,False,False,0.04999999999999999,0.10000000000000009,True,Tmax_K,Tmax,3388.0833333333335,4882.3,2890.2000000000003
A13-950-10-60000,13,model_construction,,,12,0.7,9,3,training points with t >= quasi_steady_start_s; fallback to all training points if fewer than three,0.2,0.2,0.7,6,False,False,0.04999999999999999,0.10000000000000009,True,Gmean_K_per_m,Gmean,1461924.2116622394,6006076.153846154,1144418.0719384192
A13-950-10-60000,13,model_construction,,,12,0.7,9,3,training points with t >= quasi_steady_start_s; fallback to all training points if fewer than three,0.2,0.2,0.7,6,False,False,0.04999999999999999,0.10000000000000009,True,Umax_m_per_s,Umax,0.6902867613252338,0.6414945856357636,0.4762882033368039
A14-950-8-40000,14,model_construction,,,12,0.7,9,3,training points with t >= quasi_steady_start_s; fallback to all training points if fewer than three,0.2,0.2,0.7,6,False,False,0.04999999999999999,0.10000000000000009,True,front_length_m,L_f,0.0009596166666666668,0.0004886299999999999,0.0009388333333333326
A14-950-8-40000,14,model_construction,,,12,0.7,9,3,training points with t >= quasi_steady_start_s; fallback to all training points if fewer than three,0.2,0.2,0.7,6,False,False,0.04999999999999999,0.10000000000000009,True,rear_length_m,L_r,0.0010839433333333333,0.00068976,0.001198466666666667
A14-950-8-40000,14,model_construction,,,12,0.7,9,3,training points with t >= quasi_steady_start_s; fallback to all training points if fewer than three,0.2,0.2,0.7,6,False,False,0.04999999999999999,0.10000000000000009,True,full_width_m,W,0.00154102,0.00121038,0.0015350066666666665
A14-950-8-40000,14,model_construction,,,12,0.7,9,3,training points with t >= quasi_steady_start_s; fallback to all training points if fewer than three,0.2,0.2,0.7,6,False,False,0.04999999999999999,0.10000000000000009,True,height_span_m,H,0.0014988583333333336,0.00061483,0.0015429133333333333
A14-950-8-40000,14,model_construction,,,12,0.7,9,3,training points with t >= quasi_steady_start_s; fallback to all training points if fewer than three,0.2,0.2,0.7,6,False,False,0.04999999999999999,0.10000000000000009,True,Tmax_K,Tmax,3420.933333333334,3741.6,3689.4
A14-950-8-40000,14,model_construction,,,12,0.7,9,3,training points with t >= quasi_steady_start_s; fallback to all training points if fewer than three,0.2,0.2,0.7,6,False,False,0.04999999999999999,0.10000000000000009,True,Gmean_K_per_m,Gmean,1575492.5219448544,2923553.5361842103,1475015.3807256029
A14-950-8-40000,14,model_construction,,,12,0.7,9,3,training points with t >= quasi_steady_start_s; fallback to all training points if fewer than three,0.2,0.2,0.7,6,False,False,0.04999999999999999,0.10000000000000009,True,Umax_m_per_s,Umax,0.6278071965239372,0.46526393367206104,0.6295589666909399
A15-950-8-70000,15,model_construction,,,12,0.7,9,3,training points with t >= quasi_steady_start_s; fallback to all training points if fewer than three,0.2,0.2,0.7,6,False,False,0.04999999999999999,0.10000000000000009,True,front_length_m,L_f,0.0009668833333333332,0.00015102000000000003,0.0009790666666666663
A15-950-8-70000,15,model_construction,,,12,0.7,9,3,training points with t >= quasi_steady_start_s; fallback to all training points if fewer than three,0.2,0.2,0.7,6,False,False,0.04999999999999999,0.10000000000000009,True,rear_length_m,L_r,0.0013924766666666667,0.000475022,0.0015918000000000002
A15-950-8-70000,15,model_construction,,,12,0.7,9,3,training points with t >= quasi_steady_start_s; fallback to all training points if fewer than three,0.2,0.2,0.7,6,False,False,0.04999999999999999,0.10000000000000009,True,full_width_m,W,0.0017192633333333333,0.00075002,0.001716033333333333
A15-950-8-70000,15,model_construction,,,12,0.7,9,3,training points with t >= quasi_steady_start_s; fallback to all training points if fewer than three,0.2,0.2,0.7,6,False,False,0.04999999999999999,0.10000000000000009,True,height_span_m,H,0.0016825116666666668,0.00010391190000000001,0.0017692433333333334
A15-950-8-70000,15,model_construction,,,12,0.7,9,3,training points with t >= quasi_steady_start_s; fallback to all training points if fewer than three,0.2,0.2,0.7,6,False,False,0.04999999999999999,0.10000000000000009,True,Tmax_K,Tmax,3057.766666666667,2508.0,3352.366666666667
A15-950-8-70000,15,model_construction,,,12,0.7,9,3,training points with t >= quasi_steady_start_s; fallback to all training points if fewer than three,0.2,0.2,0.7,6,False,False,0.04999999999999999,0.10000000000000009,True,Gmean_K_per_m,Gmean,1200884.888364708,5093037.2,1187646.9565639931
A15-950-8-70000,15,model_construction,,,12,0.7,9,3,training points with t >= quasi_steady_start_s; fallback to all training points if fewer than three,0.2,0.2,0.7,6,False,False,0.04999999999999999,0.10000000000000009,True,Umax_m_per_s,Umax,0.670402487710133,0.06642598262163685,0.6153977307560382
V1-450-7-45000,1,same_ecosystem_holdout,v_prefixed_validation_holdout,validation data,12,0.7,9,3,training points with t >= quasi_steady_start_s; fallback to all training points if fewer than three,0.2,0.2,0.7,6,False,False,0.04999999999999999,0.10000000000000009,True,front_length_m,L_f,0.0006446833333333333,0.00051923,0.0005322666666666663
V1-450-7-45000,1,same_ecosystem_holdout,v_prefixed_validation_holdout,validation data,12,0.7,9,3,training points with t >= quasi_steady_start_s; fallback to all training points if fewer than three,0.2,0.2,0.7,6,False,False,0.04999999999999999,0.10000000000000009,True,rear_length_m,L_r,0.0009042999999999999,0.00060987,0.0009671333333333337
V1-450-7-45000,1,same_ecosystem_holdout,v_prefixed_validation_holdout,validation data,12,0.7,9,3,training points with t >= quasi_steady_start_s; fallback to all training points if fewer than three,0.2,0.2,0.7,6,False,False,0.04999999999999999,0.10000000000000009,True,full_width_m,W,0.0012615266666666665,0.00100202,0.0012894333333333334
V1-450-7-45000,1,same_ecosystem_holdout,v_prefixed_validation_holdout,validation data,12,0.7,9,3,training points with t >= quasi_steady_start_s; fallback to all training points if fewer than three,0.2,0.2,0.7,6,False,False,0.04999999999999999,0.10000000000000009,True,height_span_m,H,0.0008932705,0.0006629100000000001,0.00093515609
V1-450-7-45000,1,same_ecosystem_holdout,v_prefixed_validation_holdout,validation data,12,0.7,9,3,training points with t >= quasi_steady_start_s; fallback to all training points if fewer than three,0.2,0.2,0.7,6,False,False,0.04999999999999999,0.10000000000000009,True,Tmax_K,Tmax,2461.733333333333,2859.8,2272.4333333333334
V1-450-7-45000,1,same_ecosystem_holdout,v_prefixed_validation_holdout,validation data,12,0.7,9,3,training points with t >= quasi_steady_start_s; fallback to all training points if fewer than three,0.2,0.2,0.7,6,False,False,0.04999999999999999,0.10000000000000009,True,Gmean_K_per_m,Gmean,1171367.2924203419,2345364.0328467153,1066059.4496295303
V1-450-7-45000,1,same_ecosystem_holdout,v_prefixed_validation_holdout,validation data,12,0.7,9,3,training points with t >= quasi_steady_start_s; fallback to all training points if fewer than three,0.2,0.2,0.7,6,False,False,0.04999999999999999,0.10000000000000009,True,Umax_m_per_s,Umax,0.43767287693508966,0.46128214663153827,0.5133399690771157
V2-650-8.5-55000,2,same_ecosystem_holdout,v_prefixed_validation_holdout,validation data,12,0.7,9,3,training points with t >= quasi_steady_start_s; fallback to all training points if fewer than three,0.2,0.2,0.7,6,False,False,0.04999999999999999,0.10000000000000009,True,front_length_m,L_f,0.0009716166666666664,0.0005515299999999999,0.0008003333333333326
V2-650-8.5-55000,2,same_ecosystem_holdout,v_prefixed_validation_holdout,validation data,12,0.7,9,3,training points with t >= quasi_steady_start_s; fallback to all training points if fewer than three,0.2,0.2,0.7,6,False,False,0.04999999999999999,0.10000000000000009,True,rear_length_m,L_r,0.0011131666666666668,0.00071869,0.0011508333333333336
V2-650-8.5-55000,2,same_ecosystem_holdout,v_prefixed_validation_holdout,validation data,12,0.7,9,3,training points with t >= quasi_steady_start_s; fallback to all training points if fewer than three,0.2,0.2,0.7,6,False,False,0.04999999999999999,0.10000000000000009,True,full_width_m,W,0.00152155,0.0013,0.0015506333333333334
V2-650-8.5-55000,2,same_ecosystem_holdout,v_prefixed_validation_holdout,validation data,12,0.7,9,3,training points with t >= quasi_steady_start_s; fallback to all training points if fewer than three,0.2,0.2,0.7,6,False,False,0.04999999999999999,0.10000000000000009,True,height_span_m,H,0.0012196516666666667,0.00084999,0.00121756
V2-650-8.5-55000,2,same_ecosystem_holdout,v_prefixed_validation_holdout,validation data,12,0.7,9,3,training points with t >= quasi_steady_start_s; fallback to all training points if fewer than three,0.2,0.2,0.7,6,False,False,0.04999999999999999,0.10000000000000009,True,Tmax_K,Tmax,2945.433333333333,5038.8,2726.2666666666664
V2-650-8.5-55000,2,same_ecosystem_holdout,v_prefixed_validation_holdout,validation data,12,0.7,9,3,training points with t >= quasi_steady_start_s; fallback to all training points if fewer than three,0.2,0.2,0.7,6,False,False,0.04999999999999999,0.10000000000000009,True,Gmean_K_per_m,Gmean,1241260.0559698746,3228746.632882883,1120580.2363115049
V2-650-8.5-55000,2,same_ecosystem_holdout,v_prefixed_validation_holdout,validation data,12,0.7,9,3,training points with t >= quasi_steady_start_s; fallback to all training points if fewer than three,0.2,0.2,0.7,6,False,False,0.04999999999999999,0.10000000000000009,True,Umax_m_per_s,Umax,0.4924179437313605,0.7973219939898811,0.4994736206495736
V3-750-9-50000,3,same_ecosystem_holdout,v_prefixed_validation_holdout,validation data,12,0.7,9,3,training points with t >= quasi_steady_start_s; fallback to all training points if fewer than three,0.2,0.2,0.7,6,False,False,0.04999999999999999,0.10000000000000009,True,front_length_m,L_f,0.0009384833333333339,0.0006075000000000001,0.0009790333333333338
V3-750-9-50000,3,same_ecosystem_holdout,v_prefixed_validation_holdout,validation data,12,0.7,9,3,training points with t >= quasi_steady_start_s; fallback to all training points if fewer than three,0.2,0.2,0.7,6,False,False,0.04999999999999999,0.10000000000000009,True,rear_length_m,L_r,0.0011794166666666665,0.0007999999999999999,0.0012009999999999996
V3-750-9-50000,3,same_ecosystem_holdout,v_prefixed_validation_holdout,validation data,12,0.7,9,3,training points with t >= quasi_steady_start_s; fallback to all training points if fewer than three,0.2,0.2,0.7,6,False,False,0.04999999999999999,0.10000000000000009,True,full_width_m,W,0.0015567299999999999,0.0013305,0.0015556933333333333
V3-750-9-50000,3,same_ecosystem_holdout,v_prefixed_validation_holdout,validation data,12,0.7,9,3,training points with t >= quasi_steady_start_s; fallback to all training points if fewer than three,0.2,0.2,0.7,6,False,False,0.04999999999999999,0.10000000000000009,True,height_span_m,H,0.0013357116666666668,0.00089958,0.0012814299999999999
V3-750-9-50000,3,same_ecosystem_holdout,v_prefixed_validation_holdout,validation data,12,0.7,9,3,training points with t >= quasi_steady_start_s; fallback to all training points if fewer than three,0.2,0.2,0.7,6,False,False,0.04999999999999999,0.10000000000000009,True,Tmax_K,Tmax,3150.2833333333333,3706.8,3047.4666666666667
V3-750-9-50000,3,same_ecosystem_holdout,v_prefixed_validation_holdout,validation data,12,0.7,9,3,training points with t >= quasi_steady_start_s; fallback to all training points if fewer than three,0.2,0.2,0.7,6,False,False,0.04999999999999999,0.10000000000000009,True,Gmean_K_per_m,Gmean,1344465.8710595076,2662853.284090909,1266436.8395104425
V3-750-9-50000,3,same_ecosystem_holdout,v_prefixed_validation_holdout,validation data,12,0.7,9,3,training points with t >= quasi_steady_start_s; fallback to all training points if fewer than three,0.2,0.2,0.7,6,False,False,0.04999999999999999,0.10000000000000009,True,Umax_m_per_s,Umax,0.6216460571979491,0.4770890855326812,0.517714993751952
V4-850-7.5-65000,4,same_ecosystem_holdout,v_prefixed_validation_holdout,validation data,12,0.7,9,3,training points with t >= quasi_steady_start_s; fallback to all training points if fewer than three,0.2,0.2,0.7,6,False,False,0.04999999999999999,0.10000000000000009,True,front_length_m,L_f,0.0009362500000000003,0.0006042100000000001,0.0009563999999999996
V4-850-7.5-65000,4,same_ecosystem_holdout,v_prefixed_validation_holdout,validation data,12,0.7,9,3,training points with t >= quasi_steady_start_s; fallback to all training points if fewer than three,0.2,0.2,0.7,6,False,False,0.04999999999999999,0.10000000000000009,True,rear_length_m,L_r,0.0012518016666666664,0.00074485,0.0013746
V4-850-7.5-65000,4,same_ecosystem_holdout,v_prefixed_validation_holdout,validation data,12,0.7,9,3,training points with t >= quasi_steady_start_s; fallback to all training points if fewer than three,0.2,0.2,0.7,6,False,False,0.04999999999999999,0.10000000000000009,True,full_width_m,W,0.0016941633333333332,0.00136572,0.0016823933333333333
V4-850-7.5-65000,4,same_ecosystem_holdout,v_prefixed_validation_holdout,validation data,12,0.7,9,3,training points with t >= quasi_steady_start_s; fallback to all training points if fewer than three,0.2,0.2,0.7,6,False,False,0.04999999999999999,0.10000000000000009,True,height_span_m,H,0.0015187983333333332,0.0009043899999999999,0.0015679766666666668
V4-850-7.5-65000,4,same_ecosystem_holdout,v_prefixed_validation_holdout,validation data,12,0.7,9,3,training points with t >= quasi_steady_start_s; fallback to all training points if fewer than three,0.2,0.2,0.7,6,False,False,0.04999999999999999,0.10000000000000009,True,Tmax_K,Tmax,2923.6000000000004,4129.1,3007.7999999999997
V4-850-7.5-65000,4,same_ecosystem_holdout,v_prefixed_validation_holdout,validation data,12,0.7,9,3,training points with t >= quasi_steady_start_s; fallback to all training points if fewer than three,0.2,0.2,0.7,6,False,False,0.04999999999999999,0.10000000000000009,True,Gmean_K_per_m,Gmean,1153097.837448485,2944014.958158996,1133134.0913871804
V4-850-7.5-65000,4,same_ecosystem_holdout,v_prefixed_validation_holdout,validation data,12,0.7,9,3,training points with t >= quasi_steady_start_s; fallback to all training points if fewer than three,0.2,0.2,0.7,6,False,False,0.04999999999999999,0.10000000000000009,True,Umax_m_per_s,Umax,0.6156235842018488,0.47801447242107636,0.5716689460838437
V5-900-9.5-45000,5,same_ecosystem_holdout,v_prefixed_validation_holdout,validation data,12,0.7,9,3,training points with t >= quasi_steady_start_s; fallback to all training points if fewer than three,0.2,0.2,0.7,6,False,False,0.04999999999999999,0.10000000000000009,True,front_length_m,L_f,0.0008767500000000003,0.00030855000000000005,0.0006713333333333331
V5-900-9.5-45000,5,same_ecosystem_holdout,v_prefixed_validation_holdout,validation data,12,0.7,9,3,training points with t >= quasi_steady_start_s; fallback to all training points if fewer than three,0.2,0.2,0.7,6,False,False,0.04999999999999999,0.10000000000000009,True,rear_length_m,L_r,0.0012054766666666663,0.000553805,0.0011926333333333336
V5-900-9.5-45000,5,same_ecosystem_holdout,v_prefixed_validation_holdout,validation data,12,0.7,9,3,training points with t >= quasi_steady_start_s; fallback to all training points if fewer than three,0.2,0.2,0.7,6,False,False,0.04999999999999999,0.10000000000000009,True,full_width_m,W,0.0015337566666666668,0.00091272,0.00151176
V5-900-9.5-45000,5,same_ecosystem_holdout,v_prefixed_validation_holdout,validation data,12,0.7,9,3,training points with t >= quasi_steady_start_s; fallback to all training points if fewer than three,0.2,0.2,0.7,6,False,False,0.04999999999999999,0.10000000000000009,True,height_span_m,H,0.0014620333333333331,0.00035,0.0014737866666666667
V5-900-9.5-45000,5,same_ecosystem_holdout,v_prefixed_validation_holdout,validation data,12,0.7,9,3,training points with t >= quasi_steady_start_s; fallback to all training points if fewer than three,0.2,0.2,0.7,6,False,False,0.04999999999999999,0.10000000000000009,True,Tmax_K,Tmax,3290.9666666666667,5887.3,3047.9
V5-900-9.5-45000,5,same_ecosystem_holdout,v_prefixed_validation_holdout,validation data,12,0.7,9,3,training points with t >= quasi_steady_start_s; fallback to all training points if fewer than three,0.2,0.2,0.7,6,False,False,0.04999999999999999,0.10000000000000009,True,Gmean_K_per_m,Gmean,1484571.2789186193,6595022.862318841,1602779.31310753
V5-900-9.5-45000,5,same_ecosystem_holdout,v_prefixed_validation_holdout,validation data,12,0.7,9,3,training points with t >= quasi_steady_start_s; fallback to all training points if fewer than three,0.2,0.2,0.7,6,False,False,0.04999999999999999,0.10000000000000009,True,Umax_m_per_s,Umax,0.5031953678337687,0.7458707562044513,0.6267845396507413
A16-550-7.5-40000,16,same_ecosystem_holdout,a16_a20_additional_holdout,additional data,12,0.7,9,3,training points with t >= quasi_steady_start_s; fallback to all training points if fewer than three,0.2,0.2,0.7,6,False,False,0.04999999999999999,0.10000000000000009,True,front_length_m,L_f,0.0007777333333333336,0.00048629999999999995,0.0007990333333333334
A16-550-7.5-40000,16,same_ecosystem_holdout,a16_a20_additional_holdout,additional data,12,0.7,9,3,training points with t >= quasi_steady_start_s; fallback to all training points if fewer than three,0.2,0.2,0.7,6,False,False,0.04999999999999999,0.10000000000000009,True,rear_length_m,L_r,0.0009273366666666664,0.0006536000000000001,0.0009377333333333333
A16-550-7.5-40000,16,same_ecosystem_holdout,a16_a20_additional_holdout,additional data,12,0.7,9,3,training points with t >= quasi_steady_start_s; fallback to all training points if fewer than three,0.2,0.2,0.7,6,False,False,0.04999999999999999,0.10000000000000009,True,full_width_m,W,0.00137609,0.00115064,0.0013737933333333333
A16-550-7.5-40000,16,same_ecosystem_holdout,a16_a20_additional_holdout,additional data,12,0.7,9,3,training points with t >= quasi_steady_start_s; fallback to all training points if fewer than three,0.2,0.2,0.7,6,False,False,0.04999999999999999,0.10000000000000009,True,height_span_m,H,0.0010008916666666666,0.00070509,0.0009847766666666667
A16-550-7.5-40000,16,same_ecosystem_holdout,a16_a20_additional_holdout,additional data,12,0.7,9,3,training points with t >= quasi_steady_start_s; fallback to all training points if fewer than three,0.2,0.2,0.7,6,False,False,0.04999999999999999,0.10000000000000009,True,Tmax_K,Tmax,2646.683333333333,3285.4,2681.8666666666663
A16-550-7.5-40000,16,same_ecosystem_holdout,a16_a20_additional_holdout,additional data,12,0.7,9,3,training points with t >= quasi_steady_start_s; fallback to all training points if fewer than three,0.2,0.2,0.7,6,False,False,0.04999999999999999,0.10000000000000009,True,Gmean_K_per_m,Gmean,1280120.175903329,2393511.968641115,1189556.2101422918
A16-550-7.5-40000,16,same_ecosystem_holdout,a16_a20_additional_holdout,additional data,12,0.7,9,3,training points with t >= quasi_steady_start_s; fallback to all training points if fewer than three,0.2,0.2,0.7,6,False,False,0.04999999999999999,0.10000000000000009,True,Umax_m_per_s,Umax,0.5671586052570984,0.3792629844377645,0.5600055844342978
A17-650-8-45000,17,same_ecosystem_holdout,a16_a20_additional_holdout,additional data,12,0.7,9,3,training points with t >= quasi_steady_start_s; fallback to all training points if fewer than three,0.2,0.2,0.7,6,False,False,0.04999999999999999,0.10000000000000009,True,front_length_m,L_f,0.0008328666666666667,0.0005529700000000001,0.0009224999999999997
A17-650-8-45000,17,same_ecosystem_holdout,a16_a20_additional_holdout,additional data,12,0.7,9,3,training points with t >= quasi_steady_start_s; fallback to all training points if fewer than three,0.2,0.2,0.7,6,False,False,0.04999999999999999,0.10000000000000009,True,rear_length_m,L_r,0.0010283999999999998,0.00068185,0.0010744000000000005
A17-650-8-45000,17,same_ecosystem_holdout,a16_a20_additional_holdout,additional data,12,0.7,9,3,training points with t >= quasi_steady_start_s; fallback to all training points if fewer than three,0.2,0.2,0.7,6,False,False,0.04999999999999999,0.10000000000000009,True,full_width_m,W,0.0015121933333333334,0.0013,0.0015254466666666667
A17-650-8-45000,17,same_ecosystem_holdout,a16_a20_additional_holdout,additional data,12,0.7,9,3,training points with t >= quasi_steady_start_s; fallback to all training points if fewer than three,0.2,0.2,0.7,6,False,False,0.04999999999999999,0.10000000000000009,True,height_span_m,H,0.0011849933333333332,0.00080642,0.0012223433333333332
A17-650-8-45000,17,same_ecosystem_holdout,a16_a20_additional_holdout,additional data,12,0.7,9,3,training points with t >= quasi_steady_start_s; fallback to all training points if fewer than three,0.2,0.2,0.7,6,False,False,0.04999999999999999,0.10000000000000009,True,Tmax_K,Tmax,2991.7166666666667,3489.0,2685.5333333333333
A17-650-8-45000,17,same_ecosystem_holdout,a16_a20_additional_holdout,additional data,12,0.7,9,3,training points with t >= quasi_steady_start_s; fallback to all training points if fewer than three,0.2,0.2,0.7,6,False,False,0.04999999999999999,0.10000000000000009,True,Gmean_K_per_m,Gmean,1324698.8669769813,2480171.1684782607,1189903.6473774228
A17-650-8-45000,17,same_ecosystem_holdout,a16_a20_additional_holdout,additional data,12,0.7,9,3,training points with t >= quasi_steady_start_s; fallback to all training points if fewer than three,0.2,0.2,0.7,6,False,False,0.04999999999999999,0.10000000000000009,True,Umax_m_per_s,Umax,0.5706573792913548,0.3267831459335686,0.5483823310589383
A18-700-8-50000,18,same_ecosystem_holdout,a16_a20_additional_holdout,additional data,12,0.7,9,3,training points with t >= quasi_steady_start_s; fallback to all training points if fewer than three,0.2,0.2,0.7,6,False,False,0.04999999999999999,0.10000000000000009,True,front_length_m,L_f,0.0008964666666666667,0.0005710800000000001,0.0008946333333333329
A18-700-8-50000,18,same_ecosystem_holdout,a16_a20_additional_holdout,additional data,12,0.7,9,3,training points with t >= quasi_steady_start_s; fallback to all training points if fewer than three,0.2,0.2,0.7,6,False,False,0.04999999999999999,0.10000000000000009,True,rear_length_m,L_r,0.0010832983333333333,0.00069648,0.0011165666666666668
A18-700-8-50000,18,same_ecosystem_holdout,a16_a20_additional_holdout,additional data,12,0.7,9,3,training points with t >= quasi_steady_start_s; fallback to all training points if fewer than three,0.2,0.2,0.7,6,False,False,0.04999999999999999,0.10000000000000009,True,full_width_m,W,0.0015476766666666667,0.00130766,0.0015622866666666667
A18-700-8-50000,18,same_ecosystem_holdout,a16_a20_additional_holdout,additional data,12,0.7,9,3,training points with t >= quasi_steady_start_s; fallback to all training points if fewer than three,0.2,0.2,0.7,6,False,False,0.04999999999999999,0.10000000000000009,True,height_span_m,H,0.0012785066666666665,0.0008068,0.0012614766666666666
A18-700-8-50000,18,same_ecosystem_holdout,a16_a20_additional_holdout,additional data,12,0.7,9,3,training points with t >= quasi_steady_start_s; fallback to all training points if fewer than three,0.2,0.2,0.7,6,False,False,0.04999999999999999,0.10000000000000009,True,Tmax_K,Tmax,2974.4833333333336,3533.9,3032.3666666666663
A18-700-8-50000,18,same_ecosystem_holdout,a16_a20_additional_holdout,additional data,12,0.7,9,3,training points with t >= quasi_steady_start_s; fallback to all training points if fewer than three,0.2,0.2,0.7,6,False,False,0.04999999999999999,0.10000000000000009,True,Gmean_K_per_m,Gmean,1278138.7065734381,2369036.7663043477,1217792.878636033
A18-700-8-50000,18,same_ecosystem_holdout,a16_a20_additional_holdout,additional data,12,0.7,9,3,training points with t >= quasi_steady_start_s; fallback to all training points if fewer than three,0.2,0.2,0.7,6,False,False,0.04999999999999999,0.10000000000000009,True,Umax_m_per_s,Umax,0.5138017942847942,0.37963419163473666,0.5384756435318013
A19-800-7.5-40000,19,same_ecosystem_holdout,a16_a20_additional_holdout,additional data,12,0.7,9,3,training points with t >= quasi_steady_start_s; fallback to all training points if fewer than three,0.2,0.2,0.7,6,False,False,0.04999999999999999,0.10000000000000009,True,front_length_m,L_f,0.000931066666666667,0.00060544,0.0009607333333333332
A19-800-7.5-40000,19,same_ecosystem_holdout,a16_a20_additional_holdout,additional data,12,0.7,9,3,training points with t >= quasi_steady_start_s; fallback to all training points if fewer than three,0.2,0.2,0.7,6,False,False,0.04999999999999999,0.10000000000000009,True,rear_length_m,L_r,0.0010420983333333334,0.000725,0.001087
A19-800-7.5-40000,19,same_ecosystem_holdout,a16_a20_additional_holdout,additional data,12,0.7,9,3,training points with t >= quasi_steady_start_s; fallback to all training points if fewer than three,0.2,0.2,0.7,6,False,False,0.04999999999999999,0.10000000000000009,True,full_width_m,W,0.0015222466666666666,0.00132312,0.0015304466666666667
A19-800-7.5-40000,19,same_ecosystem_holdout,a16_a20_additional_holdout,additional data,12,0.7,9,3,training points with t >= quasi_steady_start_s; fallback to all training points if fewer than three,0.2,0.2,0.7,6,False,False,0.04999999999999999,0.10000000000000009,True,height_span_m,H,0.0013431666666666668,0.0007522799999999999,0.0013186666666666666
A19-800-7.5-40000,19,same_ecosystem_holdout,a16_a20_additional_holdout,additional data,12,0.7,9,3,training points with t >= quasi_steady_start_s; fallback to all training points if fewer than three,0.2,0.2,0.7,6,False,False,0.04999999999999999,0.10000000000000009,True,Tmax_K,Tmax,3119.5,4326.6,3168.2999999999997
A19-800-7.5-40000,19,same_ecosystem_holdout,a16_a20_additional_holdout,additional data,12,0.7,9,3,training points with t >= quasi_steady_start_s; fallback to all training points if fewer than three,0.2,0.2,0.7,6,False,False,0.04999999999999999,0.10000000000000009,True,Gmean_K_per_m,Gmean,1450975.3444419617,2757710.2671755725,1375791.0104843995
A19-800-7.5-40000,19,same_ecosystem_holdout,a16_a20_additional_holdout,additional data,12,0.7,9,3,training points with t >= quasi_steady_start_s; fallback to all training points if fewer than three,0.2,0.2,0.7,6,False,False,0.04999999999999999,0.10000000000000009,True,Umax_m_per_s,Umax,0.5409186723172931,0.49028815700259376,0.49922655913370706
A20-950-6-65000,20,same_ecosystem_holdout,a16_a20_additional_holdout,additional data,12,0.7,9,3,training points with t >= quasi_steady_start_s; fallback to all training points if fewer than three,0.2,0.2,0.7,6,False,False,0.04999999999999999,0.10000000000000009,True,front_length_m,L_f,0.00103885,0.00035032999999999993,0.0008938999999999999
A20-950-6-65000,20,same_ecosystem_holdout,a16_a20_additional_holdout,additional data,12,0.7,9,3,training points with t >= quasi_steady_start_s; fallback to all training points if fewer than three,0.2,0.2,0.7,6,False,False,0.04999999999999999,0.10000000000000009,True,rear_length_m,L_r,0.0011636933333333333,0.000373478,0.0012492333333333336
A20-950-6-65000,20,same_ecosystem_holdout,a16_a20_additional_holdout,additional data,12,0.7,9,3,training points with t >= quasi_steady_start_s; fallback to all training points if fewer than three,0.2,0.2,0.7,6,False,False,0.04999999999999999,0.10000000000000009,True,full_width_m,W,0.0016874933333333334,0.00073598,0.0017414800000000001
A20-950-6-65000,20,same_ecosystem_holdout,a16_a20_additional_holdout,additional data,12,0.7,9,3,training points with t >= quasi_steady_start_s; fallback to all training points if fewer than three,0.2,0.2,0.7,6,False,False,0.04999999999999999,0.10000000000000009,True,height_span_m,H,0.0015251573333333332,0.0001015506,0.0017681333333333332
A20-950-6-65000,20,same_ecosystem_holdout,a16_a20_additional_holdout,additional data,12,0.7,9,3,training points with t >= quasi_steady_start_s; fallback to all training points if fewer than three,0.2,0.2,0.7,6,False,False,0.04999999999999999,0.10000000000000009,True,Tmax_K,Tmax,3023.8333333333335,1874.1,2964.1
A20-950-6-65000,20,same_ecosystem_holdout,a16_a20_additional_holdout,additional data,12,0.7,9,3,training points with t >= quasi_steady_start_s; fallback to all training points if fewer than three,0.2,0.2,0.7,6,False,False,0.04999999999999999,0.10000000000000009,True,Gmean_K_per_m,Gmean,1182939.5275388695,4588287.580645162,1139044.192480372
A20-950-6-65000,20,same_ecosystem_holdout,a16_a20_additional_holdout,additional data,12,0.7,9,3,training points with t >= quasi_steady_start_s; fallback to all training points if fewer than three,0.2,0.2,0.7,6,False,False,0.04999999999999999,0.10000000000000009,True,Umax_m_per_s,Umax,0.5905156765016165,0.018419367005410366,0.5300317381671183
